﻿<?xml version="1.0" encoding="UTF-8"?>
<numbers>
  <numberpair>
    <number>0</number>
    <keergevallen>3</keergevallen>
  </numberpair>
  <numberpair>
    <number>1</number>
    <keergevallen>1</keergevallen>
  </numberpair>
  <numberpair>
    <number>2</number>
    <keergevallen>5</keergevallen>
  </numberpair>
  <numberpair>
    <number>3</number>
    <keergevallen>6</keergevallen>
  </numberpair>
  <numberpair>
    <number>4</number>
    <keergevallen>4</keergevallen>
  </numberpair>
  <numberpair>
    <number>5</number>
    <keergevallen>5</keergevallen>
  </numberpair>
  <numberpair>
    <number>6</number>
    <keergevallen>0</keergevallen>
  </numberpair>
  <numberpair>
    <number>7</number>
    <keergevallen>2</keergevallen>
  </numberpair>
  <numberpair>
    <number>8</number>
    <keergevallen>5</keergevallen>
  </numberpair>
  <numberpair>
    <number>9</number>
    <keergevallen>7</keergevallen>
  </numberpair>
  <numberpair>
    <number>10</number>
    <keergevallen>5</keergevallen>
  </numberpair>
  <numberpair>
    <number>11</number>
    <keergevallen>4</keergevallen>
  </numberpair>
  <numberpair>
    <number>12</number>
    <keergevallen>2</keergevallen>
  </numberpair>
  <numberpair>
    <number>13</number>
    <keergevallen>7</keergevallen>
  </numberpair>
  <numberpair>
    <number>14</number>
    <keergevallen>8</keergevallen>
  </numberpair>
  <numberpair>
    <number>15</number>
    <keergevallen>7</keergevallen>
  </numberpair>
  <numberpair>
    <number>16</number>
    <keergevallen>3</keergevallen>
  </numberpair>
  <numberpair>
    <number>17</number>
    <keergevallen>5</keergevallen>
  </numberpair>
  <numberpair>
    <number>18</number>
    <keergevallen>6</keergevallen>
  </numberpair>
  <numberpair>
    <number>19</number>
    <keergevallen>7</keergevallen>
  </numberpair>
  <numberpair>
    <number>20</number>
    <keergevallen>4</keergevallen>
  </numberpair>
  <numberpair>
    <number>21</number>
    <keergevallen>0</keergevallen>
  </numberpair>
  <numberpair>
    <number>22</number>
    <keergevallen>2</keergevallen>
  </numberpair>
  <numberpair>
    <number>23</number>
    <keergevallen>1</keergevallen>
  </numberpair>
  <numberpair>
    <number>24</number>
    <keergevallen>1</keergevallen>
  </numberpair>
  <numberpair>
    <number>25</number>
    <keergevallen>0</keergevallen>
  </numberpair>
  <numberpair>
    <number>26</number>
    <keergevallen>4</keergevallen>
  </numberpair>
  <numberpair>
    <number>27</number>
    <keergevallen>2</keergevallen>
  </numberpair>
  <numberpair>
    <number>28</number>
    <keergevallen>3</keergevallen>
  </numberpair>
  <numberpair>
    <number>29</number>
    <keergevallen>1</keergevallen>
  </numberpair>
  <numberpair>
    <number>30</number>
    <keergevallen>2</keergevallen>
  </numberpair>
  <numberpair>
    <number>31</number>
    <keergevallen>2</keergevallen>
  </numberpair>
  <numberpair>
    <number>32</number>
    <keergevallen>0</keergevallen>
  </numberpair>
  <numberpair>
    <number>33</number>
    <keergevallen>7</keergevallen>
  </numberpair>
  <numberpair>
    <number>34</number>
    <keergevallen>3</keergevallen>
  </numberpair>
  <numberpair>
    <number>35</number>
    <keergevallen>3</keergevallen>
  </numberpair>
  <numberpair>
    <number>36</number>
    <keergevallen>1</keergevallen>
  </numberpair>
</numbers>